firstname,surname,address1,address2,country,email,contactno,holidayhomeno
Alexander,Carson,92 Margarenstrasse,Vienna,Italy,alexcarson@sabio.il,+353 67639287828,1 
Alonso,Meredith,12 avenue Felix Faure,Nice,France,alonso@orange.fr,+353 32 6726539,60 
Anand,Arturo,41 Gurtelstrasse,Berlin,Germany,andart@o2.eu,+353 1928828,901  
Barzdukas,Gytis,Ul. Przy Rondzie 2,Krakow,Poland,barz@jujt.pl,+353 768 1928828,6321
Li,Yan,65 Dozsa Gyorgy Ut,1134 Budapest,Hungary,yan@buda.hu,+353 76 8776628,01191 
Peggy,Juan,Plaza del Conde de Casal 6,Barcelona,Spain,juan@hotmail.com,+353 8768828,7631  
Laura,Norman,Calle Loop de Vega 49,Madrid,Spain,laura@tiscali.co.uk,+353 9881928828,47651
Nino,Olivetto,63 Via Piemonte,Rome,Italy,olivetto@lambda.il,+353 87361928828,87471 