Alexander,Carson,92 Margarenstrasse,Vienna,+353 67639287828,alexcarson@sabio.il,1 
Alonso,Meredith,12 avenue Felix Faure,Nice,+353 32 6726539,alonso@orange.fr,60 
Anand,Arturo,41 Gurtelstrasse,Berlin,+353 1928828,andart@o2.eu,901  
Barzdukas,Gytis,Ul. Przy Rondzie 2,Krakow,+353 768 1928828,barz@jujt.pl,6321
Li,Yan,65 Dozsa Gyorgy Ut,1134 Budapest,+353 76 8776628,yan@hotmail.com,01191 
Peggy,Juan,Plaza del Conde de Casal 6,Barcelona,+353 8768828,juan@hotmail.com,7631  
Laura,Norman,Calle Loop de Vega 49,Madrid,+353 9881928828,laura@tiscali.co.uk,47651
Nino,Olivetto,63 Via Piemonte,Rome,+353 87361928828,olivetto@lambda.il,87471 